[
  {
    "name": "theme_info",
    "theme_name": "Narrative",
    "theme_author": "Shopify",
    "theme_version": "9.0.3",
    "theme_documentation_url": "https://help.shopify.com/manual/using-themes/themes-by-shopify/narrative",
    "theme_support_url": "https://support.shopify.com/"
  },
  {
    "name": {
      "da": "Farver",
      "de": "Farben",
      "en": "Colors",
      "es": "Colores",
      "fi": "Värit",
      "fr": "Couleurs",
      "hi": "रंग",
      "it": "Colori",
      "ja": "色",
      "ko": "색상",
      "nb": "Farger",
      "nl": "Kleuren",
      "pt-BR": "Cores",
      "pt-PT": "Cores",
      "sv": "Färger",
      "th": "สี",
      "zh-CN": "颜色",
      "zh-TW": "色彩"
    },
    "settings": [
      {
        "type": "header",
        "content": {
          "da": "Markeringsfarver",
          "de": "Akzentfarben",
          "en": "Accent Colors",
          "es": "Colores de acento",
          "fi": "Korostusvärit",
          "fr": "Couleurs d'accents",
          "hi": "एसेंट कलर",
          "it": "Colori in risalto",
          "ja": "アクセントの色",
          "ko": "강조 색상",
          "nb": "Uthevingsfarger",
          "nl": "Accentkleuren",
          "pt-BR": "Cores de destaque",
          "pt-PT": "Cores de destaque",
          "sv": "Accentfärg",
          "th": "สีที่เน้น",
          "zh-CN": "主题色",
          "zh-TW": "強調色"
        }
      },
      {
        "type": "color",
        "id": "color_primary",
        "label": {
          "da": "Primær markering",
          "de": "Primärer Akzent",
          "en": "Primary accent",
          "es": "Acento primario",
          "fi": "Ensisijainen korostus",
          "fr": "Accent principal",
          "hi": "प्राथमिक एक्सेंट",
          "it": "Elemento in risalto primario",
          "ja": "プライマリアクセント",
          "ko": "기본 강조",
          "nb": "Primær utheving",
          "nl": "Primair accent",
          "pt-BR": "Destaque primário",
          "pt-PT": "Destaque principal",
          "sv": "Primära accenter",
          "th": "สีหลักที่เน้น",
          "zh-CN": "主要主题色",
          "zh-TW": "主要強調"
        },
        "default": "#3c5629",
        "info": {
          "da": "Tags, knapper og særlige ornamenter forbundet med salg.",
          "de": "Verkaufstags, Schaltflächen und spezielle Ornamente.",
          "en": "Sales tags, buttons, and special ornaments.",
          "es": "Etiquetas de venta, botones y adornos especiales.",
          "fi": "Myyntitunnisteet, painikkeet ja erikoiskoristeet.",
          "fr": "Balises de réductions, boutons et ornements spéciaux.",
          "hi": "बिक्री टैग, बटन और विशेष गहने.",
          "it": "Tag articoli in offerta, pulsanti e abbellimenti speciali.",
          "ja": "販売タグ、ボタン、および特別な装飾。",
          "ko": "판매 태그, 버튼 및 특수 장식.",
          "nb": "Salgstagger, knapper og spesielle ornamenter.",
          "nl": "Verkooptags, knoppen en speciale versieringen.",
          "pt-BR": "Tags de vendas, botões e ornamentos especiais.",
          "pt-PT": "Etiquetas de vendas, botões e ornamentos especiais.",
          "sv": "Försäljningskoder, knappar och speciella smycken.",
          "th": "แถบป้ายลดราคา ปุ่ม และการตกแต่งพิเศษ",
          "zh-CN": "销售标签、按钮和特殊装饰。",
          "zh-TW": "銷售標籤、按鈕及特殊裝飾。"
        }
      },
      {
        "type": "header",
        "content": {
          "da": "Farver på tekst og ikoner",
          "de": "Text- und Symbolfarben",
          "en": "Text & Icon Colors",
          "es": "Colores de texto e íconos",
          "fi": "Tekstin ja kuvakkeen väri",
          "fr": "Couleurs du texte et des icônes",
          "hi": "पाठ और चिह्न रंग",
          "it": "Colori testo e icona",
          "ja": "テキストとアイコンの色",
          "ko": "텍스트 및 아이콘 색상",
          "nb": "Tekst og ikonfarger",
          "nl": "Tekst- en pictogramkleuren",
          "pt-BR": "Cores de texto e ícones",
          "pt-PT": "Cores de texto e ícones",
          "sv": "Text och ikonfärger",
          "th": "สีข้อความและไอคอน",
          "zh-CN": "文字和图标颜色",
          "zh-TW": "文字和圖示顏色"
        }
      },
      {
        "type": "color",
        "id": "color_header_text",
        "label": {
          "da": "Sidehovedikoner",
          "de": "Header-Symbole",
          "en": "Header icons",
          "es": "Iconos de encabezado",
          "fi": "Ylätunnistekuvakkeet",
          "fr": "Icônes d'en-tête",
          "hi": "हैडर आइकन",
          "it": "Icona header",
          "ja": "ヘッダーアイコン",
          "ko": "머리글 아이콘",
          "nb": "Ikoner for overskrift",
          "nl": "Pictogrammen koptekst",
          "pt-BR": "Ícones do cabeçalho",
          "pt-PT": "Ícones do cabeçalho",
          "sv": "Rubrikikoner",
          "th": "ไอคอนส่วนหัว",
          "zh-CN": "页眉图标",
          "zh-TW": "標頭圖示"
        },
        "default": "#758560"
      },
      {
        "type": "color",
        "id": "color_primary_heading_text",
        "label": {
          "da": "Primær overskriftstekst",
          "de": "Text der primären Überschrift",
          "en": "Primary heading text",
          "es": "Texto del título principal",
          "fi": "Ensisijainen otsikon teksti",
          "fr": "Texte du titre principal",
          "hi": "प्राथमिक शीर्षक पाठ",
          "it": "Testo titolo primario",
          "ja": "プライマリ見出しテキスト",
          "ko": "기본 제목 텍스트",
          "nb": "Primær overskriftstekst",
          "nl": "Primaire koptekst",
          "pt-BR": "Texto do título primário",
          "pt-PT": "Texto do título principal",
          "sv": "Primärrubriktext",
          "th": "ข้อความส่วนหัวหลัก",
          "zh-CN": "主标题文本",
          "zh-TW": "主要標頭文字"
        },
        "default": "#242424"
      },
      {
        "type": "color",
        "id": "color_primary_body_text",
        "label": {
          "da": "Primær brødtekst",
          "de": "Primärer Fließtext",
          "en": "Primary body text",
          "es": "Texto principal del cuerpo",
          "fi": "Ensisijainen leipäteksti",
          "fr": "Corps du texte principal",
          "hi": "प्राथमिक बॉडी का पाठ",
          "it": "Testo corpo principale",
          "ja": "プライマリ本文テキスト",
          "ko": "기본 본문 텍스트",
          "nb": "Primær brødtekst",
          "nl": "Primaire hoofdtekst",
          "pt-BR": "Corpo do texto primário",
          "pt-PT": "Texto do corpo principal",
          "sv": "Primär kroppstext",
          "th": "ข้อความเนื้อหาหลัก",
          "zh-CN": "主正文文本",
          "zh-TW": "主要內文"
        },
        "default": "#4a4a4a"
      },
      {
        "type": "color",
        "id": "color_footer_text",
        "label": {
          "da": "Tekst på sidefod",
          "de": "Fußzeilentext",
          "en": "Footer text",
          "es": "Texto de pie de página",
          "fi": "Alatunnisteen teksti",
          "fr": "Texte du pied de page",
          "hi": "फुटर टेक्सट",
          "it": "Testo footer",
          "ja": "フッターテキスト",
          "ko": "바닥글 텍스트",
          "nb": "Bunntekst",
          "nl": "Voettekst",
          "pt-BR": "Texto do rodapé",
          "pt-PT": "Texto do rodapé",
          "sv": "Sidfotstext",
          "th": "ข้อความส่วนท้าย",
          "zh-CN": "页脚文本",
          "zh-TW": "頁尾文字"
        },
        "default": "#ffffff"
      },
      {
        "type": "color",
        "id": "color_button_text",
        "label": {
          "da": "Knaptekst",
          "de": "Button-Etikett",
          "en": "Button label",
          "es": "Etiqueta de botón",
          "fi": "Tekstipainike",
          "fr": "Texte du bouton",
          "hi": "बटन लेबल",
          "it": "Etichetta pulsante",
          "ja": "ボタンのラベル",
          "ko": "버튼 레이블",
          "nb": "Knappetikett",
          "nl": "Knoplabel",
          "pt-BR": "Etiqueta de botão",
          "pt-PT": "Etiqueta do botão",
          "sv": "Knappetikett",
          "th": "ป้ายกำกับปุ่ม",
          "zh-CN": "按钮标签",
          "zh-TW": "按鈕標籤"
        },
        "default": "#ffffff"
      },
      {
        "type": "header",
        "content": {
          "da": "Baggrundsfarver",
          "de": "Hintergrundfarben",
          "en": "Background colors",
          "es": "Colores del fondo",
          "fi": "Taustavärit",
          "fr": "Couleurs d'arrière-plan",
          "hi": "पृष्ठभूमि का रंग",
          "it": "Colori sfondo",
          "ja": "背景の色",
          "ko": "배경색",
          "nb": "Bakgrunnsfarger",
          "nl": "Achtergrondkleuren",
          "pt-BR": "Cores de fundo",
          "pt-PT": "Cores de fundo",
          "sv": "Bakgrundsfärg",
          "th": "สีพื้นหลัง",
          "zh-CN": "背景色",
          "zh-TW": "背景顏色"
        }
      },
      {
        "type": "color",
        "id": "color_header_bg",
        "label": {
          "da": "Baggrund for sidehoved",
          "de": "Header-Hintergrund",
          "en": "Header background",
          "es": "Fondo del encabezado",
          "fi": "Ylätunnisteen tausta",
          "fr": "Arrière-plan d'en-tête",
          "hi": "हैडर पृष्ठभूमि",
          "it": "Sfondo header",
          "ja": "ヘッダーの背景",
          "ko": "머리글 배경",
          "nb": "Bakgrunn for overskrift",
          "nl": "Achtergrond koptekst",
          "pt-BR": "Fundo do cabeçalho",
          "pt-PT": "Fundo do cabeçalho",
          "sv": "Rubrikbakgrund",
          "th": "พื้นหลังส่วนหัว",
          "zh-CN": "页眉背景",
          "zh-TW": "標頭背景"
        },
        "default": "#fff"
      },
      {
        "type": "color",
        "id": "color_footer_bg",
        "label": {
          "da": "Baggrund for sidefod",
          "de": "Fußzeilenhintergrund",
          "en": "Footer background",
          "es": "Fondo del pie de página",
          "fi": "Alatunnisteen tausta",
          "fr": "Arrière-plan du pied de page",
          "hi": "फ़ूटर की पृष्ठभूमि",
          "it": "Sfondo footer",
          "ja": "フッターの背景",
          "ko": "푸터 백그라운드",
          "nb": "Bakgrunn for bunntekst",
          "nl": "Achtergrond voettekst",
          "pt-BR": "Plano de fundo do rodapé",
          "pt-PT": "Fundo do rodapé",
          "sv": "Sidfotsbakgrund",
          "th": "พื้นหลังส่วนท้าย",
          "zh-CN": "页脚背景",
          "zh-TW": "頁尾背景"
        },
        "default": "#242424"
      },
      {
        "type": "color",
        "id": "color_main_bg",
        "label": {
          "da": "Hovedbaggrund",
          "de": "Haupthintergrund",
          "en": "Main background",
          "es": "Fondo principal",
          "fi": "Päätausta",
          "fr": "Arrière-plan principal",
          "hi": "मुख्य पृष्ठभूमि",
          "it": "Sfondo principale",
          "ja": "メイン背景",
          "ko": "주요 배경",
          "nb": "Hovedbakgrunn",
          "nl": "Achtergrond hoofdgedeelte",
          "pt-BR": "Fundo principal",
          "pt-PT": "Fundo principal",
          "sv": "Huvudbakgrund",
          "th": "พื้นหลังหลัก",
          "zh-CN": "主要背景",
          "zh-TW": "主要背景"
        },
        "default": "#ffffff"
      },
      {
        "type": "color",
        "id": "color_secondary_bg",
        "label": {
          "da": "Sekundær baggrund",
          "de": "Sekundärer Hintergrund",
          "en": "Secondary background",
          "es": "Fondo secundario",
          "fi": "Toissijainen tausta",
          "fr": "Arrière-plan secondaire",
          "hi": "माध्यमिक पृष्ठभूमि",
          "it": "Sfondo secondario",
          "ja": "サブ背景",
          "ko": "보조 배경",
          "nb": "Sekundær bakgrunn",
          "nl": "Secundaire achtergrond",
          "pt-BR": "Fundo secundário",
          "pt-PT": "Fundo secundário",
          "sv": "Sekundär bakgrund",
          "th": "พื้นหลังรอง",
          "zh-CN": "辅助背景",
          "zh-TW": "次要背景"
        },
        "default": "#f3f4f3",
        "info": {
          "da": "Afsnit til deling på sociale medier, indkøbskurvskuffe, kommentarer på blog.",
          "de": "Social Sharing-Abschnitte, Warenkorbeinschub, Blog-Kommentare.",
          "en": "Social sharing sections, cart drawer, blog comments.",
          "es": "Secciones para compartir en redes sociales, carrito lateral, comentarios de blog.",
          "fi": "Sosiaalisen median jakamisosiot, veto-ostoskori, blogikommentit.",
          "fr": "Sections de partage social, tiroir de panier, commentaires de blog.",
          "hi": "सोशल शेयरिंग सेक्शन, कार्ट ड्रावर, ब्लॉग टिप्पणियां.",
          "it": "Sezioni di condivisione sui social, finestra del carrello, commenti di blog",
          "ja": "ソーシャル共有セクション、カートドロワー、ブログのコメント。",
          "ko": "소셜 공유 섹션, 장바구니 서랍, 블로그 댓글.",
          "nb": "Deling på sosiale medier-deler, handlekurvskuff, bloggkommentarer.",
          "nl": "Secties voor delen via social media, winkelwagenoptie, blogreacties.",
          "pt-BR": "Seções de compartilhamento em redes sociais, painel deslizante do carrinho, comentários do blog.",
          "pt-PT": "Secções de partilha em redes sociais, painel deslizante do carrinho, comentários do blogue.",
          "sv": "Delar av sociala delar, kundvagnslådor, bloggkommentarer.",
          "th": "ส่วนการแชร์บนโซเชียล ลิ้นชักตะกร้าสินค้า บล็อก ความคิดเห็น",
          "zh-CN": "社交分享部分、购物车抽屉、博客评论。",
          "zh-TW": "社群分享區、購物車導覽匣、部落格留言。"
        }
      },
      {
        "type": "header",
        "content": {
          "da": "Andre farver",
          "de": "Andere Farben",
          "en": "Other Colors",
          "es": "Otros colores",
          "fi": "Muut värit",
          "fr": "Autres couleurs",
          "hi": "अन्य रंग",
          "it": "Altri colori",
          "ja": "その他の色",
          "ko": "기타 색상",
          "nb": "Andre farger",
          "nl": "Overige kleuren",
          "pt-BR": "Outras cores",
          "pt-PT": "Outras cores",
          "sv": "Andra färger",
          "th": "สีอื่นๆ",
          "zh-CN": "其他颜色",
          "zh-TW": "其他顏色"
        }
      },
      {
        "type": "color",
        "id": "color_product_cards",
        "label": {
          "da": "Produktkort",
          "de": "Produktkarten",
          "en": "Product Cards",
          "es": "Tarjetas de producto",
          "fi": "Tuotekortit",
          "fr": "Cartes de produits",
          "hi": "उत्पाद कार्ड",
          "it": "Schede prodotto",
          "ja": "商品カード",
          "ko": "제품 카드",
          "nb": "Produktkort",
          "nl": "Productkaarten",
          "pt-BR": "Cartões de produtos",
          "pt-PT": "Cartões de produtos",
          "sv": "Produktkort",
          "th": "บัตรสินค้า",
          "zh-CN": "产品卡",
          "zh-TW": "產品卡"
        },
        "default": "#f3f4f3"
      },
      {
        "type": "color",
        "id": "color_form_elements",
        "label": {
          "da": "Formularelementer",
          "de": "Formularelemente",
          "en": "Form elements",
          "es": "Elementos de forma",
          "fi": "Lomake-elementit",
          "fr": "Éléments de formulaire",
          "hi": "फ़ॉर्म तत्व",
          "it": "Elementi modulo",
          "ja": "フォーム要素",
          "ko": "양식 색상",
          "nb": "Skjemaelementer",
          "nl": "Formulierelementen",
          "pt-BR": "Elementos de formulário",
          "pt-PT": "Elementos de formulário",
          "sv": "Formulärelement",
          "th": "องค์ประกอบแบบฟอร์ม",
          "zh-CN": "表单元素",
          "zh-TW": "表單元素"
        },
        "default": "#f3f4f3"
      },
      {
        "type": "color",
        "id": "color_cart_flag",
        "label": {
          "da": "Indkøbskurv er markeret med flag",
          "de": "Warenkorb-Flag",
          "en": "Cart flag",
          "es": "Bandera del carrito",
          "fi": "Ostoskorimerkintä",
          "fr": "Indicateur de panier",
          "hi": "कार्ट फ्लैग",
          "it": "Flag carrello",
          "ja": "カートの国旗",
          "ko": "카트 플래그",
          "nb": "Handlekurv markert med flagg",
          "nl": "Winkelwagenvlag",
          "pt-BR": "Sinalização do carrinho",
          "pt-PT": "Indicador do carrinho",
          "sv": "Varukorgflagga",
          "th": "ธงตะกร้าสินค้า",
          "zh-CN": "购物车旗帜",
          "zh-TW": "購物車旗幟"
        },
        "default": "#3c5629"
      }
    ]
  },
  {
    "name": {
      "da": "Typografi",
      "de": "Typografie",
      "en": "Typography",
      "es": "Tipografía",
      "fi": "Typografia",
      "fr": "Typographie",
      "hi": "Typography",
      "it": "Caratteri tipografici",
      "ja": "文字体裁",
      "ko": "입력 체계",
      "nb": "Typografi",
      "nl": "Typografie",
      "pt-BR": "Tipografia",
      "pt-PT": "Tipografia",
      "sv": "Typografi",
      "th": "ตัวพิมพ์",
      "zh-CN": "版式",
      "zh-TW": "印刷樣式"
    },
    "settings": [
      {
        "type": "header",
        "content": {
          "da": "Globalt",
          "de": "Global",
          "en": "Global",
          "es": "Global",
          "fi": "Yleinen",
          "fr": "Global",
          "hi": "ग्लोबल",
          "it": "Globale",
          "ja": "グローバル",
          "ko": "글로벌",
          "nb": "Global",
          "nl": "Algemeen",
          "pt-BR": "Global",
          "pt-PT": "Global",
          "sv": "Global",
          "th": "ทั่วโลก",
          "zh-CN": "全球",
          "zh-TW": "全球"
        }
      },
      {
        "type": "select",
        "id": "type_base_size",
        "label": {
          "da": "Basisstørrelse",
          "de": "Basisgröße",
          "en": "Base size",
          "es": "Tamaño de base",
          "fi": "Peruskoko",
          "fr": "Taille de base",
          "hi": "मूल आकार",
          "it": "Dimensione base",
          "ja": "ベースサイズ",
          "ko": "기본 사이즈",
          "nb": "Grunnstørrelse",
          "nl": "Basisafmeting",
          "pt-BR": "Tamanho básico",
          "pt-PT": "Tamanho básico",
          "sv": "Basstorlek",
          "th": "ขนาดพื้นฐาน",
          "zh-CN": "基本尺寸",
          "zh-TW": "基本尺寸"
        },
        "default": "62.5%",
        "options": [
          {
            "value": "50%",
            "label": {
              "da": "Lille",
              "de": "Klein",
              "en": "Small",
              "es": "Pequeño",
              "fi": "Pieni",
              "fr": "Petite",
              "hi": "छोटा",
              "it": "Piccolo",
              "ja": "小",
              "ko": "스몰",
              "nb": "Liten",
              "nl": "Klein",
              "pt-BR": "Pequeno",
              "pt-PT": "Pequeno",
              "sv": "Liten",
              "th": "เล็ก",
              "zh-CN": "小",
              "zh-TW": "小型"
            }
          },
          {
            "value": "62.5%",
            "label": {
              "da": "Medium",
              "de": "Mitte",
              "en": "Medium",
              "es": "Mediano",
              "fi": "Keskisuuri",
              "fr": "Moyenne",
              "hi": "मध्यम",
              "it": "Medio",
              "ja": "中",
              "ko": "보통",
              "nb": "Middels",
              "nl": "Gemiddeld",
              "pt-BR": "Médio",
              "pt-PT": "Médio",
              "sv": "Medium",
              "th": "ปานกลาง",
              "zh-CN": "中等",
              "zh-TW": "中等"
            }
          },
          {
            "value": "75%",
            "label": {
              "da": "Stor",
              "de": "Groß",
              "en": "Large",
              "es": "Grande",
              "fi": "Suuri",
              "fr": "Grande",
              "hi": "बड़ा",
              "it": "Grande",
              "ja": "大",
              "ko": "라지",
              "nb": "Stor",
              "nl": "Groot",
              "pt-BR": "Grande",
              "pt-PT": "Grande",
              "sv": "Stor",
              "th": "ใหญ่",
              "zh-CN": "大",
              "zh-TW": "大型"
            }
          }
        ]
      },
      {
        "type": "header",
        "content": {
          "da": "Overskrifter",
          "de": "Überschriften",
          "en": "Headings",
          "es": "Títulos",
          "fi": "Otsikot",
          "fr": "Titres",
          "hi": "शीर्षक",
          "it": "Titoli",
          "ja": "見出し",
          "ko": "제목",
          "nb": "Overskrifter",
          "nl": "Koppen",
          "pt-BR": "Títulos",
          "pt-PT": "Títulos",
          "sv": "Rubriker",
          "th": "ส่วนหัว",
          "zh-CN": "标题",
          "zh-TW": "標題"
        }
      },
      {
        "type": "font_picker",
        "id": "type_header_font",
        "label": {
          "da": "Skrifttype",
          "de": "Schriftart",
          "en": "Font",
          "es": "Fuente",
          "fi": "Fontti",
          "fr": "Police",
          "hi": "फ़ॉन्ट",
          "it": "Font",
          "ja": "フォント",
          "ko": "글꼴",
          "nb": "Skrifttype",
          "nl": "Lettertype",
          "pt-BR": "Fonte",
          "pt-PT": "Tipo de letra",
          "sv": "Typsnitt",
          "th": "แบบอักษร",
          "zh-CN": "字体",
          "zh-TW": "字型"
        },
        "default": "playfair_display_n7"
      },
      {
        "type": "header",
        "content": {
          "da": "Brødtekst",
          "de": "Fließtext",
          "en": "Body text",
          "es": "Texto del cuerpo",
          "fi": "Leipäteksti",
          "fr": "Corps du texte",
          "hi": "मुख्य भाग",
          "it": "Corpo del testo",
          "ja": "本文",
          "ko": "본문 텍스트",
          "nb": "Brødtekst",
          "nl": "Hoofdtekst",
          "pt-BR": "Corpo do texto",
          "pt-PT": "Texto do corpo",
          "sv": "Brödtext",
          "th": "ข้อความเนื้อหา",
          "zh-CN": "正文文本",
          "zh-TW": "內文"
        }
      },
      {
        "type": "font_picker",
        "id": "type_base_font",
        "label": {
          "da": "Skrifttype",
          "de": "Schriftart",
          "en": "Font",
          "es": "Fuente",
          "fi": "Fontti",
          "fr": "Police",
          "hi": "फ़ॉन्ट",
          "it": "Font",
          "ja": "フォント",
          "ko": "글꼴",
          "nb": "Skrifttype",
          "nl": "Lettertype",
          "pt-BR": "Fonte",
          "pt-PT": "Tipo de letra",
          "sv": "Typsnitt",
          "th": "แบบอักษร",
          "zh-CN": "字体",
          "zh-TW": "字型"
        },
        "default": "quattrocento_sans_n4"
      }
    ]
  },
  {
    "name": {
      "da": "Indkøbskurvskuffe",
      "de": "Warenkorbeinschub",
      "en": "Cart drawer",
      "es": "Carrito lateral",
      "fi": "Veto-ostoskori",
      "fr": "Tiroir de panier",
      "hi": "कार्ट ड्रॉवर",
      "it": "Finestra del carrello",
      "ja": "カートドロワー",
      "ko": "카트 서랍",
      "nb": "Handlekurvskuff",
      "nl": "Winkelwagenoptie",
      "pt-BR": "Painel deslizante do carrinho",
      "pt-PT": "Painel deslizante do carrinho",
      "sv": "Varukorgslåda",
      "th": "ลิ้นชักตะกร้าสินค้า",
      "zh-CN": "购物车抽屉",
      "zh-TW": "購物車導覽匣"
    },
    "settings": [
      {
        "type": "checkbox",
        "id": "show_cart_drawer",
        "label": {
          "da": "Vis indkøbskurvskuffe",
          "de": "Warenkorbeinschub anzeigen",
          "en": "Show cart drawer",
          "es": "Mostrar carrito lateral",
          "fi": "Näytä veto-ostoskori",
          "fr": "Afficher le tiroir du panier",
          "hi": "कार्ट ड्रावर दिखाएं",
          "it": "Mostra finestra carrello",
          "ja": "カートドロワーを表示する",
          "ko": "카트 서랍 표시",
          "nb": "Vis handlekurvskuff",
          "nl": "Winkelwagenoptie weergegeven",
          "pt-BR": "Apresentar painel deslizante do carrinho",
          "pt-PT": "Mostrar painel deslizante do carrinho",
          "sv": "Visa varukorgslåda",
          "th": "แสดงลิ้นชักตะกร้าสินค้า",
          "zh-CN": "显示购物车抽屉",
          "zh-TW": "顯示購物車導覽匣"
        },
        "default": true
      },
      {
        "type": "checkbox",
        "id": "show_cart_note",
        "label": {
          "da": "Vis bemærkning til indkøbskurv",
          "de": "Warenkorbanmerkung anzeigen",
          "en": "Show cart note",
          "es": "Mostrar nota del carrito de compra",
          "fi": "Näytä tilauskommentti",
          "fr": "Afficher la note du panier",
          "hi": "कार्ट नोट दिखाएं",
          "it": "Mostra nota carrello",
          "ja": "カートメモを表示する",
          "ko": "카트 참고 사항 표시",
          "nb": "Vis handlekurvmerknad",
          "nl": "Opmerking  voor winkelwagen weergeven",
          "pt-BR": "Exibir observação do carrinho",
          "pt-PT": "Mostrar nota do carrinho",
          "sv": "Visa varukorg",
          "th": "แสดงหมายเหตุสำหรับตะกร้าสินค้า",
          "zh-CN": "显示购物车备注",
          "zh-TW": "顯示購物車備註"
        }
      }
    ]
  },
  {
    "name": {
      "da": "Social",
      "de": "Social Media",
      "en": "Social",
      "es": "Social",
      "fi": "Sosiaalinen",
      "fr": "Médias sociaux",
      "hi": "सोशल",
      "it": "Social Media",
      "ja": "ソーシャル",
      "ko": "소셜",
      "nb": "Sosial",
      "nl": "Sociaal",
      "pt-BR": "Redes sociais",
      "pt-PT": "Social",
      "sv": "Social",
      "th": "ทางโซเชียลมีเดีย",
      "zh-CN": "社交",
      "zh-TW": "社交媒體"
    },
    "settings": [
      {
        "type": "header",
        "content": {
          "da": "Billede til deling på sociale medier",
          "de": "Social-Sharing-Bild",
          "en": "Social sharing image",
          "es": "Imagen de redes sociales",
          "fi": "Some-jakamiskuva",
          "fr": "Image de partage social",
          "hi": "सोशल शेयरिंग इमेज",
          "it": "Immagine per condivisione social",
          "ja": "SNSでシェアする画像",
          "ko": "소셜 공유 이미지",
          "nb": "Bilde for deling på sosiale medier",
          "nl": "Afbeelding voor delen via social media.",
          "pt-BR": "Imagem de compartilhamento em redes sociais",
          "pt-PT": "Imagem de partilha nas redes sociais",
          "sv": "Bild för social delning",
          "th": "รูปภาพสำหรับแชร์ลงโซเชียล",
          "zh-CN": "社交分享图片",
          "zh-TW": "社群分享圖示"
        }
      },
      {
        "type": "image_picker",
        "id": "share_image",
        "label": {
          "da": "Billede",
          "de": "Foto",
          "en": "Image",
          "es": "Imagen",
          "fi": "Kuva",
          "fr": "Image",
          "hi": "इमेज",
          "it": "Immagine",
          "ja": "画像",
          "ko": "이미지",
          "nb": "Bilde",
          "nl": "Afbeelding",
          "pt-BR": "Imagem",
          "pt-PT": "Imagem",
          "sv": "Bild",
          "th": "รูปภาพ",
          "zh-CN": "图片",
          "zh-TW": "圖片"
        },
        "info": {
          "da": "Vis ved deling af link på sociale medier. [Få mere at vide](https://help.shopify.com/manual/using-themes/troubleshooting/showing-social-media-thumbnail-images/) om miniminiaturebilleder.",
          "de": "Wird angezeigt, wenn ein Link in den sozialen Medien geteilt wird. [Mehr Infos](https://help.shopify.com/manual/using-themes/troubleshooting/showing-social-media-thumbnail-images/) über Bild-Miniaturansichten.",
          "en": "Shown when sharing a link on social media. [Learn more](https://help.shopify.com/manual/using-themes/troubleshooting/showing-social-media-thumbnail-images/) about image thumbnails.",
          "es": "Aparece cuando se comparte un enlace en una red social. [Más información](https://help.shopify.com/manual/using-themes/troubleshooting/showing-social-media-thumbnail-images/) acerca de las miniaturas",
          "fi": "Näkyy, kun jaat linkin sosiaaliseen mediaan. [Lisätietoja](https://help.shopify.com/manual/using-themes/troubleshooting/showing-social-media-thumbnail-images/) tietoa pikkukuvista.",
          "fr": "Affichée lorsqu'un lien est partagé sur les réseaux sociaux. [En savoir plus](https://help.shopify.com/manual/using-themes/troubleshooting/showing-social-media-thumbnail-images/) à propos des images miniatures.",
          "hi": "सोशल मीडिया पर लिंक शेयर करते समय दिखाना. [अधिक जानें](https://help.shopify.com/manual/using-themes/troubleshooting/showing-social-media-thumbnail-images/) इमेज थंबनेल के बारे",
          "it": "Mostrata quando si condivide un link sui social media. [Maggiori informazioni](https://help.shopify.com/manual/using-themes/troubleshooting/showing-social-media-thumbnail-images/) sulle immagini di anteprima.",
          "ja": "ソーシャルメディアでリンクを共有すると表示されます。サムネイル画像に関する[詳細](https://help.shopify.com/manual/using-themes/troubleshooting/showing-social-media-thumbnail-images/)は、こちらを参照してください。",
          "ko": "소셜 미디어에서 링크 공유 시 표시 [자세히 보기](https://help.shopify.com/manual/using-themes/troubleshooting/showing-social-media-thumbnail-images/) 이미지 썸네일에 대해",
          "nb": "Vist når en kobling deles i sosiale medier. [Finn ut mer](https://help.shopify.com/manual/using-themes/troubleshooting/showing-social-media-thumbnail-images/) om miniatyrbilder.",
          "nl": "Wordt weergegeven wanneer je een link deelt via social media. [Meer informatie](https://help.shopify.com/manual/using-themes/troubleshooting/showing-social-media-thumbnail-images/) over miniatuurafbeeldingen.",
          "pt-BR": "Apresentada ao compartilhar um link nas redes sociais. [Saiba mais](https://help.shopify.com/manual/using-themes/troubleshooting/showing-social-media-thumbnail-images/) sobre miniaturas de imagens.",
          "pt-PT": "Apresentada ao partilhar uma ligação nas redes sociais. [Saiba mais](https://help.shopify.com/manual/using-themes/troubleshooting/showing-social-media-thumbnail-images/) sobre miniaturas de imagem.",
          "sv": "Visas när du delar en länk på sociala medier. [Läs mer](https://help.shopify.com/manual/using-themes/troubleshooting/showing-social-media-thumbnail-images/) om miniatyrbilder.",
          "th": "แสดงเมื่อแชร์ลิงก์บนโซเชียลมีเดีย [ดูข้อมูลเพิ่มเติม](https://help.shopify.com/manual/using-themes/troubleshooting/showing-social-media-thumbnail-images/) เกี่ยวกับรูปภาพขนาดย่อ",
          "zh-CN": "在社交媒体上分享链接时显示。[了解有关图片缩略图的详细信息](https://help.shopify.com/manual/using-themes/troubleshooting/showing-social-media-thumbnail-images/)。",
          "zh-TW": "在社群媒體上分享連結時顯示。[深入瞭解](https://help.shopify.com/manual/using-themes/troubleshooting/showing-social-media-thumbnail-images/)圖片縮圖的相關資訊。"
        }
      },
      {
        "type": "header",
        "content": {
          "da": "Deling på sociale medier",
          "de": "Social Sharing",
          "en": "Social sharing",
          "es": "Compartir en redes sociales",
          "fi": "Sosiaalisen median jakaminen",
          "fr": "Partage social",
          "hi": "सोशल शेयरिंग आइकन",
          "it": "Condivisione sui social",
          "ja": "ソーシャル共有",
          "ko": "소셜 공유",
          "nb": "Sosial deling",
          "nl": "Delen via social media",
          "pt-BR": "Compartilhamento em redes sociais",
          "pt-PT": "Partilha nas redes sociais",
          "sv": "Social delning",
          "th": "การแชร์ลงโซเชียล",
          "zh-CN": "社交分享",
          "zh-TW": "社群分享"
        },
        "info": {
          "da": "Giv kunder mulighed for at dele produkter og blogopslag på forskellige sociale netværk.",
          "de": "Gestatten Sie Kunden das Teilen von Produkten und Blog-Beiträgen in verschiedenen sozialen Netzwerken.",
          "en": "Allow customers to share products and blog posts on various social networks.",
          "es": "Permite que los clientes compartan productos y publicaciones en blogs en varias redes sociales.",
          "fi": "Salli asiakkaiden jakaa tuote- ja blogijulkaisuja eri sosiaalisen median kanavissa.",
          "fr": "Permettre aux clients de partager des produits et des articles de blog sur différents réseaux sociaux.",
          "hi": "ग्राहकों को विभिन्न सामाजिक नेटवर्क पर उत्पादों और ब्लॉग पोस्टों को साझा करने की अनुमति दें.",
          "it": "Consenti ai clienti di condividere prodotti e articoli di blog su vari social network.",
          "ja": "お客様がさまざまなソーシャルネットワークで商品やブログ記事を共有できるようにします。",
          "ko": "고객이 다양한 소셜 네트워크에서 제품 및 블로그 게시물을 공유할 수 있습니다.",
          "nb": "Tillat kunder å dele produkter og blogginnlegg på ulike sosiale nettverk.",
          "nl": "Laat klanten producten en blogposts delen op verschillende sociale netwerken.",
          "pt-BR": "Permita que os clientes compartilhem produtos e posts do blog em várias redes sociais.",
          "pt-PT": "Permita que os clientes partilhem produtos e publicações no blogue em várias redes sociais.",
          "sv": "Tillåt kunder att dela produkter och blogginlägg på olika sociala nätverk.",
          "th": "ให้ลูกค้าสามารถแชร์สินค้าและโพสต์บล็อกลงโซเชียลเน็ตเวิร์กได้หลายช่องทาง",
          "zh-CN": "允许客户在各种社交网络上分享产品和博客文章。",
          "zh-TW": "允許顧客在社群媒體網路上分享產品和部落格貼文。"
        }
      },
      {
        "type": "checkbox",
        "id": "share_facebook",
        "label": {
          "da": "Del på Facebook",
          "de": "Auf Facebook teilen",
          "en": "Share on Facebook",
          "es": "Compartir en Facebook",
          "fi": "Jaa Facebookissa",
          "fr": "Partager sur Facebook",
          "hi": "Facebook पर साझा करें",
          "it": "Condividi su Facebook",
          "ja": "Facebookでシェアする",
          "ko": "Facebook에서 공유",
          "nb": "Del på Facebook",
          "nl": "Delen op Facebook",
          "pt-BR": "Compartilhar no Facebook",
          "pt-PT": "Partilhe no Facebook",
          "sv": "Dela på Facebook",
          "th": "แชร์บน Facebook",
          "zh-CN": "在 Facebook 上共享",
          "zh-TW": "分享至 Facebook"
        }
      },
      {
        "type": "checkbox",
        "id": "share_twitter",
        "label": {
          "da": "Tweet på Twitter",
          "de": "Auf Twitter twittern",
          "en": "Tweet on Twitter",
          "es": "Tuitear en Twitter",
          "fi": "Twiittaa Twitterissä",
          "fr": "Tweeter sur Twitter",
          "hi": "Twitter पर ट्वीट करें",
          "it": "Twitta su Twitter",
          "ja": "Twitterに投稿する",
          "ko": "Twitter에서 트윗 작성",
          "nb": "Tweet på Twitter",
          "nl": "Twitteren op Twitter",
          "pt-BR": "Tuitar",
          "pt-PT": "Twittar no Twitter",
          "sv": "Twittra på Twitter",
          "th": "ทวีตบน Twitter",
          "zh-CN": "在 Twitter 上发推文",
          "zh-TW": "在 Twitter 上發佈推文"
        }
      },
      {
        "type": "checkbox",
        "id": "share_pinterest",
        "label": {
          "da": "Pin på Pinterest",
          "de": "Auf Pinterest pinnen",
          "en": "Pin on Pinterest",
          "es": "Pinear en Pinterest",
          "fi": "Pinnaa Pinterestissä",
          "fr": "Épingler sur Pinterest",
          "hi": "Pinterest पर पिन करें",
          "it": "Pinna su Pinterest",
          "ja": "Pinterestでピンする",
          "ko": "Pinterest에 고정하기",
          "nb": "Pin på Pinterest",
          "nl": "Pinnen op Pinterest",
          "pt-BR": "Incluir como pin no Pinterest",
          "pt-PT": "Adicione no Pinterest",
          "sv": "Spara en pin på Pinterest",
          "th": "ปักหมุดบน Pinterest",
          "zh-CN": "固定在 Pinterest 上",
          "zh-TW": "加入 Pinterest"
        }
      },
      {
        "type": "header",
        "content": {
          "da": "SoMe-links",
          "de": "Social-Media-Links",
          "en": "Social links",
          "es": "Vínculos sociales",
          "fi": "Sosiaalisen median linkit",
          "fr": "Liens de réseaux sociaux",
          "hi": "सोशल लिंक्स",
          "it": "Link social",
          "ja": "ソーシャルリンク",
          "ko": "소셜 링크",
          "nb": "Sosiale koblinger",
          "nl": "Social media-links",
          "pt-BR": "Links de redes sociais",
          "pt-PT": "Ligações de redes sociais",
          "sv": "Sociala länkar",
          "th": "ลิงก์โซเชี่ยล",
          "zh-CN": "社交链接",
          "zh-TW": "社群連結"
        },
        "info": {
          "da": "Linker til din butiks profiler og sider på sociale netværk",
          "de": "Links zu den Profilen und Seiten der sozialen Netzwerke Ihres Shops.",
          "en": "Links to your store's social network profiles and pages.",
          "es": "Enlaces a las páginas y perfiles de redes sociales de tu tienda.",
          "fi": "Linkit kaupan yhteisöpalveluprofiileihin ja -sivuille.",
          "fr": "Relie aux profils et pages des réseaux sociaux de votre boutique.",
          "hi": "आपके स्टोर के सोशल नेटवर्क प्रोफाइल और पेज के लिंक.",
          "it": "Link a profili e pagine di social network del tuo negozio.",
          "ja": "ストアのソーシャルネットワークのプロフィールとページにリンクします。",
          "ko": "스토어의 소셜 네트워크 프로필 및 페이지로 연결됩니다.",
          "nb": "Koblinger til butikkens sosiale nettverksprofiler og sider.",
          "nl": "Links naar de profielen en pagina's van je winkel op sociale netwerken.",
          "pt-BR": "Links para os perfis e páginas em redes sociais da sua loja.",
          "pt-PT": "Ligações para as páginas e perfis nas redes sociais da sua loja.",
          "sv": "Länkar till din butiks sociala nätverksprofiler och sidor.",
          "th": "เชื่อมต่อโปรไฟล์โซเชียลเน็ตเวิร์กของร้านค้ากับเพจของคุณ",
          "zh-CN": "链接到您商店的社交网络配置文件和页面。",
          "zh-TW": "連結至您商店的社群網路個人檔案和頁面。"
        }
      },
      {
        "type": "text",
        "id": "social_facebook_link",
        "label": {
          "da": "Facebook-link",
          "de": "Facebook-Link",
          "en": "Facebook link",
          "es": "Enlace de Facebook",
          "fi": "Facebook-linkki",
          "fr": "Lien Facebook",
          "hi": "Facebook लिंक",
          "it": "Link Facebook",
          "ja": "Facebookのリンク",
          "ko": "페이스북 링크",
          "nb": "Facebook-kobling",
          "nl": "Facebook-link",
          "pt-BR": "Link do Facebook",
          "pt-PT": "Ligação do Facebook",
          "sv": "Facebook-länk",
          "th": "ลิงก์ Facebook",
          "zh-CN": "Facebook 链接",
          "zh-TW": "Facebook 連結"
        },
        "info": {
          "da": "https://facebook.com/shopify",
          "de": "https://facebook.com/shopify",
          "en": "https://facebook.com/shopify",
          "es": "https://www.facebook.com/ShopifyES/",
          "fi": "https://facebook.com/shopify",
          "fr": "https://facebook.com/shopify",
          "hi": "https://facebook.com/shopify",
          "it": "https://facebook.com/shopify",
          "ja": "https://facebook.com/shopify",
          "ko": "https://facebook.com/shopify",
          "nb": "https://facebook.com/shopify",
          "nl": "https://facebook.com/shopify",
          "pt-BR": "https://facebook.com/shopify",
          "pt-PT": "https://facebook.com/shopify",
          "sv": "https://www.facebook.com/shopify",
          "th": "https://facebook.com/shopify",
          "zh-CN": "https://facebook.com/shopify",
          "zh-TW": "https://facebook.com/shopify"
        }
      },
      {
        "type": "text",
        "id": "social_twitter_link",
        "label": {
          "da": "Twitter-link",
          "de": "Twitter-Link",
          "en": "Twitter link",
          "es": "Enlace de Twitter",
          "fi": "Twitter-linkki",
          "fr": "Lien Twitter",
          "hi": "Twitter लिंक",
          "it": "Link Twitter",
          "ja": "Twitterのリンク",
          "ko": "트위터 링크",
          "nb": "Twitter-kobling",
          "nl": "Twitter-link",
          "pt-BR": "Link do Twitter",
          "pt-PT": "Ligação do Twitter",
          "sv": "Twitter-länk",
          "th": "ลิงก์ Twitter",
          "zh-CN": "Twitter 链接",
          "zh-TW": "Twitter 連結"
        },
        "info": {
          "da": "https://twitter.com/shopify",
          "de": "https://twitter.com/shopify",
          "en": "https://twitter.com/shopify",
          "es": "https://twitter.com/shopify",
          "fi": "https://twitter.com/shopify",
          "fr": "https://twitter.com/shopify",
          "hi": "https://twitter.com/shopify",
          "it": "https://twitter.com/shopify",
          "ja": "https://twitter.com/shopify",
          "ko": "https://twitter.com/shopify",
          "nb": "https://twitter.com/shopify",
          "nl": "https://twitter.com/shopify",
          "pt-BR": "https://twitter.com/shopify",
          "pt-PT": "https://twitter.com/shopify",
          "sv": "https://twitter.com/shopify",
          "th": "https://twitter.com/shopify",
          "zh-CN": "https://twitter.com/shopify",
          "zh-TW": "https://twitter.com/shopify"
        }
      },
      {
        "type": "text",
        "id": "social_pinterest_link",
        "label": {
          "da": "Pinterest-link",
          "de": "Pinterest-Link",
          "en": "Pinterest link",
          "es": "Enlace de Pinterest",
          "fi": "Pinterest-linkki",
          "fr": "Lien Pinterest",
          "hi": "Pinterest लिंक",
          "it": "Link Pinterest",
          "ja": "Pinterestのリンク",
          "ko": "핀인터레스트 링크",
          "nb": "Pinterest-kobling",
          "nl": "Pinterest-link",
          "pt-BR": "Link do Pinterest",
          "pt-PT": "Ligação do Pinterest",
          "sv": "Pinterest-länk",
          "th": "ลิงก์ Pinterest",
          "zh-CN": "Pinterest 链接",
          "zh-TW": "Pinterest 連結"
        },
        "info": {
          "da": "https://pinterest.com/shopify",
          "de": "https://pinterest.com/shopify",
          "en": "https://pinterest.com/shopify",
          "es": "https://pinterest.com/shopify",
          "fi": "https://facebook.com/shopify",
          "fr": "https://pinterest.com/shopify",
          "hi": "https://pinterest.com/shopify",
          "it": "https://pinterest.com/shopify",
          "ja": "https://pinterest.com/shopify",
          "ko": "https://pinterest.com/shopify",
          "nb": "https://pinterest.com/shopify",
          "nl": "https://pinterest.com/shopify",
          "pt-BR": "https://pinterest.com/shopify",
          "pt-PT": "https://pinterest.com/shopify",
          "sv": "https://www.pinterest.com/shopify",
          "th": "https://pinterest.com/shopify",
          "zh-CN": "https://pinterest.com/shopify",
          "zh-TW": "https://pinterest.com/shopify"
        }
      },
      {
        "type": "text",
        "id": "social_instagram_link",
        "label": {
          "da": "Instagram-link",
          "de": "Instagram-Link",
          "en": "Instagram link",
          "es": "Enlace de Instagram",
          "fi": "Instagram-linkki",
          "fr": "Lien Instagram",
          "hi": "Instagram लिंक",
          "it": "Link Instagram",
          "ja": "Instagramのリンク",
          "ko": "인스타그램 링크",
          "nb": "Instagram-kobling",
          "nl": "Instagram-link",
          "pt-BR": "Link do Instagram",
          "pt-PT": "Ligação do Instagram",
          "sv": "Instagram-länk",
          "th": "ลิงก์ Instagram",
          "zh-CN": "Instagram 链接",
          "zh-TW": "Instagram 連結"
        },
        "info": {
          "da": "http://instagram.com/shopify",
          "de": "http://instagram.com/shopify",
          "en": "http://instagram.com/shopify",
          "es": "http://instagram.com/shopify",
          "fi": "https://instagram.com/shopify",
          "fr": "https://instagram.com/shopify",
          "hi": "http://instagram.com/shopify",
          "it": "http://instagram.com/shopify",
          "ja": "http://instagram.com/shopify",
          "ko": "http://instagram.com/shopify",
          "nb": "http://instagram.com/shopify",
          "nl": "http://instagram.com/shopify",
          "pt-BR": "http://instagram.com/shopify",
          "pt-PT": "http://instagram.com/shopify",
          "sv": "https://instagram.com/shopify",
          "th": "http://instagram.com/shopify",
          "zh-CN": "http://instagram.com/shopify",
          "zh-TW": "http://instagram.com/shopify"
        }
      },
      {
        "type": "text",
        "id": "social_snapchat_link",
        "label": {
          "da": "Snapchat-link",
          "de": "Snapchat-Link",
          "en": "Snapchat link",
          "es": "Enlace de Snapchat",
          "fi": "Snapchat-linkki",
          "fr": "Lien Snapchat",
          "hi": "Snapchat लिंक",
          "it": "Link Snapchat",
          "ja": "Snapchatのリンク",
          "ko": "스냅챗 링크",
          "nb": "Snapchat-kobling",
          "nl": "Snapchat-link",
          "pt-BR": "Link do Snapchat",
          "pt-PT": "Ligação do Snapchat",
          "sv": "Snapchat-länk",
          "th": "ลิงก์ Snapchat",
          "zh-CN": "Snapchat 链接",
          "zh-TW": "Snapchat 連結"
        },
        "info": {
          "da": "https://www.snapchat.com/add/shopify",
          "de": "https://www.snapchat.com/add/shopify",
          "en": "https://www.snapchat.com/add/shopify",
          "es": "https://www.snapchat.com/add/shopify",
          "fi": "https://www.snapchat.com/add/shopify",
          "fr": "https://www.snapchat.com/add/shopify",
          "hi": "https://www.snapchat.com/add/shopify",
          "it": "https://www.snapchat.com/add/shopify",
          "ja": "https://www.snapchat.com/add/shopify",
          "ko": "https://www.snapchat.com/add/shopify",
          "nb": "https://snapchat.com/add/shopify",
          "nl": "https://www.snapchat.com/add/shopify",
          "pt-BR": "https://www.snapchat.com/add/shopify",
          "pt-PT": "https://www.snapchat.com/add/shopify",
          "sv": "https://www.snapchat.com/add/shopify",
          "th": "https://www.snapchat.com/add/shopify",
          "zh-CN": "https://www.snapchat.com/add/shopify",
          "zh-TW": "https://www.snapchat.com/add/shopify"
        }
      },
      {
        "type": "text",
        "id": "social_tumblr_link",
        "label": {
          "da": "Tumblr-link",
          "de": "Tumblr-Link",
          "en": "Tumblr link",
          "es": "Enlace de Tumblr",
          "fi": "Tumblr-linkki",
          "fr": "Lien Tumblr",
          "hi": "Tumblr लिंक",
          "it": "Link Tumblr",
          "ja": "Tumblrのリンク",
          "ko": "텀블러 링크",
          "nb": "Tumblr-kobling",
          "nl": "Tumblr-link",
          "pt-BR": "Link do Tumblr",
          "pt-PT": "Ligação do Tumblr",
          "sv": "Tumblr-länk",
          "th": "ลิงก์ Tumblr",
          "zh-CN": "Tumblr 链接",
          "zh-TW": "Tumblr 連結"
        },
        "info": {
          "da": "http://shopify.tumblr.com",
          "de": "http://shopify.tumblr.com",
          "en": "http://shopify.tumblr.com",
          "es": "http://shopify.tumblr.com",
          "fi": "http://shopify.tumblr.com",
          "fr": "http://shopify.tumblr.com",
          "hi": "http://shopify.tumblr.com",
          "it": "http://shopify.tumblr.com",
          "ja": "http://shopify.tumblr.com",
          "ko": "http://shopify.tumblr.com",
          "nb": "http://shopify.tumblr.com",
          "nl": "http://shopify.tumblr.com",
          "pt-BR": "http://shopify.tumblr.com",
          "pt-PT": "http://shopify.tumblr.com",
          "sv": "http://shopify.tumblr.com",
          "th": "http://shopify.tumblr.com",
          "zh-CN": "http://shopify.tumblr.com",
          "zh-TW": "http://shopify.tumblr.com"
        }
      },
      {
        "type": "text",
        "id": "social_youtube_link",
        "label": {
          "da": "YouTube-link",
          "de": "YouTube-Link",
          "en": "YouTube link",
          "es": "Enlace de YouTube",
          "fi": "YouTube-linkki",
          "fr": "Lien YouTube",
          "hi": "YouTube लिंक",
          "it": "Link YouTube",
          "ja": "YouTubeのリンク",
          "ko": "유투브 링크",
          "nb": "YouTube-kobling",
          "nl": "YouTube-link",
          "pt-BR": "Link do YouTube",
          "pt-PT": "Ligação do YouTube",
          "sv": "YouTube-länk",
          "th": "ลิงก์ YouTube",
          "zh-CN": "YouTube 链接",
          "zh-TW": "YouTube 連結"
        },
        "info": {
          "da": "https://www.youtube.com/shopify",
          "de": "https://www.youtube.com/shopify",
          "en": "https://www.youtube.com/shopify",
          "es": "https://www.youtube.com/shopify",
          "fi": "https://facebook.com/shopify",
          "fr": "https://www.youtube.com/shopify",
          "hi": "https://www.youtube.com/shopify",
          "it": "https://www.youtube.com/shopify",
          "ja": "https://www.youtube.com/shopify",
          "ko": "https://www.youtube.com/shopify",
          "nb": "https://www.youtube.com/shopify",
          "nl": "https://www.youtube.com/shopify",
          "pt-BR": "https://www.youtube.com/shopify",
          "pt-PT": "https://www.youtube.com/shopify",
          "sv": "https://www.youtube.com/user/shopify",
          "th": "https://www.youtube.com/shopify",
          "zh-CN": "https://www.youtube.com/shopify",
          "zh-TW": "https://www.youtube.com/shopify"
        }
      },
      {
        "type": "text",
        "id": "social_vimeo_link",
        "label": {
          "da": "Vimeo-link",
          "de": "Vimeo-Link",
          "en": "Vimeo link",
          "es": "Enlace Vimeo",
          "fi": "Vimeo-linkki",
          "fr": "Lien Vimeo",
          "hi": "Vimeo लिंक",
          "it": "Link Vimeo",
          "ja": "Vimeoのリンク",
          "ko": "비메오 링크",
          "nb": "Vimeo-kobling",
          "nl": "Vimeo-link",
          "pt-BR": "Link do Vimeo",
          "pt-PT": "Ligação do Vimeo",
          "sv": "Vimeo-länk",
          "th": "ลิงก์ Vimeo",
          "zh-CN": "Vimeo 链接",
          "zh-TW": "Vimeo 連結"
        },
        "info": {
          "da": "https://vimeo.com/shopify",
          "de": "https://vimeo.com/shopify",
          "en": "https://vimeo.com/shopify",
          "es": "https://vimeo.com/shopify",
          "fi": "https://vimeo.com/shopify",
          "fr": "https://vimeo.com/shopify",
          "hi": "https://vimeo.com/shopify",
          "it": "https://vimeo.com/shopify",
          "ja": "https://vimeo.com/shopify",
          "ko": "https://vimeo.com/shopify",
          "nb": "https://vimeo.com/shopify",
          "nl": "https://vimeo.com/shopify",
          "pt-BR": "https://vimeo.com/shopify",
          "pt-PT": "https://vimeo.com/shopify",
          "sv": "https://vimeo.com/shopify",
          "th": "https://vimeo.com/shopify",
          "zh-CN": "https://vimeo.com/shopify",
          "zh-TW": "https://vimeo.com/shopify"
        }
      }
    ]
  },
  {
    "name": {
      "da": "Favicon",
      "de": "Favicon",
      "en": "Favicon",
      "es": "Favicon",
      "fi": "Favicon",
      "fr": "Favicon",
      "hi": "Favicon",
      "it": "Favicon",
      "ja": "ファビコン",
      "ko": "Favicon",
      "nb": "Favicon",
      "nl": "Favicon",
      "pt-BR": "Favicon",
      "pt-PT": "Favicon",
      "sv": "Favicon",
      "th": "Favicon",
      "zh-CN": "网站图标",
      "zh-TW": "Favicon"
    },
    "settings": [
      {
        "type": "image_picker",
        "id": "favicon",
        "label": {
          "da": "Favicon-billede",
          "de": "Favicon-Bild",
          "en": "Favicon image",
          "es": "Imagen de favicon",
          "fi": "Favicon-kuva",
          "fr": "Image favicon",
          "hi": "favicon इमेज",
          "it": "Immagine favicon",
          "ja": "ファビコン画像",
          "ko": "파비콘 이미지",
          "nb": "Favicon-bilde",
          "nl": "Favicon-afbeelding",
          "pt-BR": "Imagem favicon",
          "pt-PT": "Imagem de favicon",
          "sv": "Favicon-bild",
          "th": "รูปภาพ Favicon",
          "zh-CN": "网站图标图片",
          "zh-TW": "Favicon 圖片"
        },
        "info": {
          "da": "Skaleres ned til 32 x 32 px",
          "de": "Wird auf 32 x 32 Pixel verkleinert.",
          "en": "Will be scaled down to 32 x 32px",
          "es": "Se reducirá a 32 x 32px",
          "fi": "Skaalataan 32 x 32 pikseliin",
          "fr": "Sera réduite à 32 x 32 px",
          "hi": "32 x 32 पिक्सेल के आकार का कर दिया जाएगा",
          "it": "Verrà ridimensionata a 32 x 32 pixel.",
          "ja": "32×32ピクセルに縮小されます。",
          "ko": "32x32 픽셀로 축소됩니다.",
          "nb": "Vil skaleres ned til 32 x 32 px",
          "nl": "Wordt verkleind tot 32x32 pixels",
          "pt-BR": "Será reduzida para 32 x 32 pixels",
          "pt-PT": "Será reduzida para 32 x 32 px",
          "sv": "Kommer skalas ned till 32 x 32 px",
          "th": "จะถูกลดขนาดลงเป็น 32 x 32 พิกเซล",
          "zh-CN": "将缩小到 32 x 32px",
          "zh-TW": "將會縮小為 32 x 32 像素"
        }
      }
    ]
  }
]