{"current":{"color_primary":"#f7e387","color_header_text":"#f7e387","color_primary_heading_text":"#f7e387","color_primary_body_text":"#ffffff","color_footer_text":"#000000","color_button_text":"#313131","color_header_bg":"#313131","color_footer_bg":"#f7e387","color_main_bg":"#000000","color_secondary_bg":"#000000","color_product_cards":"#f7e387","color_form_elements":"#f7e387","color_cart_flag":"#f7e387","type_base_size":"75%","type_header_font":"cabin_n4","type_base_font":"cabin_n4","show_cart_drawer":true,"show_cart_note":false,"share_image":"","share_facebook":true,"share_twitter":true,"share_pinterest":true,"social_facebook_link":"","social_twitter_link":"","social_pinterest_link":"","social_instagram_link":"","social_snapchat_link":"","social_tumblr_link":"","social_youtube_link":"","social_vimeo_link":"","favicon":"shopify:\/\/shop_images\/Capture_d_ecran_2020-04-27_a_15.58.22.png","checkout_header_image":"","checkout_logo_image":"","checkout_logo_position":"left","checkout_logo_size":"large","checkout_body_background_image":"","checkout_body_background_color":"#f7e387","checkout_input_background_color_mode":"transparent","checkout_sidebar_background_image":"","checkout_sidebar_background_color":"#000000","checkout_heading_font":"Playball","checkout_body_font":"Playball","checkout_accent_color":"#ff6d6d","checkout_button_color":"#ff6d6d","checkout_error_color":"#ff6d6d","logo_max_height":15,"sections":{"header":{"type":"header","settings":{"icon":"bag","logo":"","logo_max_height":60,"enable_transparent":false,"transparent_logo":"shopify:\/\/shop_images\/Capture_d_ecran_2020-04-27_a_16.01.23.png","transparent_text_color":"#f7e387","primary_navigation":"main-menu","secondary_navigation":"footer","show_social_icons":false,"show_announcement":true,"home_page_only":false,"announcement_text":"La formation resell N°1 en France","announcement_link":"","announcement_icon":"checkmark","announcement_color_bg":"#f7e387","announcement_color_text":"#000000"}},"footer":{"type":"footer","blocks":{"1486649858082":{"type":"menu","settings":{"link_list":"footer"}}},"block_order":["1486649858082"],"settings":{"show_social_icons":true,"show_payment_icons":true,"enable_parallax":true,"show_newsletter":true,"newsletter_heading":"S'inscrire pour recevoir les mises à jour","newsletter_subheading":"<p>Promotions, nouveaux produits et soldes. Directement dans votre boîte de réception.<\/p>"}},"1476381658595":{"type":"hero","settings":{"hero_size":"large","image":"shopify:\/\/shop_images\/Capture_d_ecran_2020-04-27_a_15.50.05.png","alignment":"center center","title":"La formation eeresell, sous quelle forme?","text":"<p>Notre formation est divis&eacute;e en sept unit&eacute;s reprenant les grandes th&eacute;matiques du resell.<\/p>\n<p>Formation rapide avec les fiches essentiels.<\/p>\n<p><\/p>","text_size":"large","use_second_button":false,"button_label":"","button_link":"","show_overlay":false,"overlay_color":"#fafafa","overlay_text":"#fafafa","overlay_opacity":"0.5"}},"collection-template":{"type":"collection-template","settings":{"products":"2","rows":"6","product_tags_enable":false,"product_sorting_enable":false,"collection_hero_image":false,"collection_hero_image_parallax":false,"grid_style":"collage","show_spacing":false,"show_vendor":true}},"1478026923193":{"type":"feature-row","settings":{"size":"small","background_color":"#000000","image":"shopify:\/\/shop_images\/Capture_d_ecran_2020-04-27_a_15.55.47.png","image_crop":"circle","alignment":"center center","title":"Préambule","text":"<p><\/p>\n<p><strong>➡ EERESELL offre &agrave; ses membres la possibilit&eacute; de maitriser tous les aspects de la revente afin d'exploser leurs profits.<\/strong><\/p>\n<p><strong>➡ Le gros plus ? un acc&egrave;s aux informations VIP compris dans l'achat de la formation.&nbsp;<\/strong><\/p>\n<p><strong>➡ Ne laissez plus les autres gagner de l'argent &agrave; votre place, acc&eacute;dez &agrave; la partie submerg&eacute;e du resell.&nbsp;<\/strong><\/p>","use_second_button":true,"button_label":"DÉCOUVRIR","button_link":"shopify:\/\/products\/formation-eeresell","desktop_layout":"left","mobile_layout":"top"}},"1478027260401":{"type":"quotes","blocks":{"1478027260401-0":{"type":"quote","settings":{"heading":"avis client","quote":"<p>La formation est tr&egrave;s p&eacute;dagogique facile &agrave; suivre, j'ai appris pleins de choses que j'ignorais, avec du recul je me dis que c'est impossible de cop sans savoir tout &ccedil;a !<\/p>","author":"Leo.ngl"}},"1478027389453":{"type":"quote","settings":{"heading":"avis client","quote":"<p>Connaissant d&eacute;j&agrave; le resell je pensais &ecirc;tre d&eacute;&ccedil;u mais j'ai quand meme apprit des choses, cette formation est bien approfondit on y aborde des sujets qui sont tr&egrave;s peu &eacute;voqu&eacute;s en temps normal comme les bots... Pour le prix je conseille fortement<\/p>","author":"Paul.mrngb56"}},"1588079709828":{"type":"quote","settings":{"heading":"avis client","quote":"<p>Je viens commencer la revente et je suis tomb&eacute; sur le parfait starter pack, j'ai r&eacute;ussi &agrave; chopper 8 tee-shirts au dernier drop surpreme!!!! Trop satisfait de mon investissement&nbsp;<\/p>","author":"Enzoxxx"}},"1588079712880":{"type":"quote","settings":{"heading":"avis client","quote":"<p>2 jours apr&egrave;s avoir suivi la formation je l'avais d&eacute;j&agrave; rentabilis&eacute; fois 5, les infos pour le prix ca vaut trop le co&ucirc;t en plus il faut juste chopper un article pour rentabiliser la formatition donc tranquille<\/p>","author":"Matthieuflgh"}},"1588079714294":{"type":"quote","settings":{"heading":"avis client","quote":"<p>Les gars savent de quoi ils parlent, ils sont cal&eacute;s de fou, en plus ils sont super abordable ils ont r&eacute;pondus &agrave; toutes mes questions par mail, les infos communiqu&eacute;s apr&egrave;s la formation mon aussi &eacute;norm&eacute;ment aid&eacute;. Encore merci<\/p>","author":"Mehdi93"}}},"block_order":["1478027260401-0","1478027389453","1588079709828","1588079712880","1588079714294"],"settings":{"color_bg":"#000000","color_text":"#ffffff","autoplay_speed":"6000"}},"product-template":{"type":"product-template","settings":{"show_quantity_selector":false,"show_variant_labels":false,"show_vendor":false,"enable_payment_button":true,"show_share_buttons":false,"enable_video_looping":false,"hide_variant_media":true}},"blog-template":{"type":"blog-template","settings":{"grid_style":"collage","articles":"2","rows":"4","blog_show_date":true}},"slideshow":{"type":"slideshow","blocks":{"1486649146314":{"type":"image","settings":{"image":"shopify:\/\/shop_images\/Capture_d_ecran_2020-04-27_a_15.58.22.png","alignment":"center center","title":"Une formation complète pour s'imposer dans le monde du resell.","button":"EERESELL, qu'est-ce c'est ?","cta":"Voir plus","cta_link":""}},"1486649185448":{"type":"image","settings":{"image":"shopify:\/\/shop_images\/Capture_d_ecran_2020-04-27_a_15.57.58.png","alignment":"center center","title":"Laissez derrière vous les frustrations, ne ratez plus aucunes exclues. Faites des bénéfices.","button":"L'objectif ?","cta":"Voir plus","cta_link":""}},"1486649208703":{"type":"image","settings":{"image":"shopify:\/\/shop_images\/Capture_d_ecran_2020-04-27_a_15.59.03.png","alignment":"center center","title":"TOUT ce qu'il faut savoir: liens, astuces, conseils...  les secrets indispensables du resell.","button":"À savoir","cta":"","cta_link":""}}},"block_order":["1486649146314","1486649185448","1486649208703"],"settings":{"slider_height":"adapt","center_cta":true,"show_overlay":true,"overlay_color":"#313131","overlay_text":"#f7e387","overlay_opacity":40}},"1486649413883":{"type":"gallery","blocks":{"1486649413883-0":{"type":"image","settings":{"image":"shopify:\/\/shop_images\/Capture_d_ecran_2020-04-27_a_17.10.44.png","alignment":"center center","icon":"checkmark","cta_label":"Cette formation aborde Tout ce qu’il faut savoir sur le resell dans le but de comprendre les rouages de ce business.","link":""}},"1486649413883-1":{"type":"image","settings":{"image":"shopify:\/\/shop_images\/Capture_d_ecran_2020-04-27_a_15.54.43.png","alignment":"center center","icon":"checkmark","cta_label":"Notre but est d’ouvrir le resell au plus grand nombre afin de vous aider à sortir votre épingle du jeu et d’obtenir vos premiers bénéfices ou d’augmenter vos gains actuels.","link":""}}},"block_order":["1486649413883-0","1486649413883-1"],"settings":{"section_height":"medium","show_overlay":true,"overlay_color":"#3b3b3b","overlay_text":"#ffffff","overlay_opacity":"0.4"}},"1486649522802":{"type":"highlight","settings":{"border_color":"#f7e387","content_alignment":"middle","image":"shopify:\/\/shop_images\/Capture_d_ecran_2020-04-27_a_15.56.21.png","image_position":"front","heading":"Un aperçu de la formation","text":"Choisissez la formation qui vous correspond à travers nos 130 pages d'expérience.","use_second_button":true,"button_text":"afficher","button_link":"shopify:\/\/pages\/apercu-de-la-formation"}},"1486649811524":{"type":"featured-product","settings":{"featured_product":"formation-eeresell","show_quantity_selector":false,"show_variant_labels":true,"show_vendor":false,"enable_payment_button":true,"show_share_buttons":false,"enable_video_looping":false,"layout":"square","media_size":"contain","background_color":"rgba(0,0,0,0)"}},"article-template":{"type":"article-template","settings":{"image_parallax":true,"show_date":true,"show_author":false,"show_share_buttons":true}},"1492806970384":{"type":"custom-content","blocks":{"1492806970384-0":{"type":"text","settings":{"heading_text":"des liens raffles, de restock sneakers et bots, des shockdrops mais également des estimations de revente, l'indice de prise de risque et un calendrier de toutes les releases","heading_color":"#3a3a3a","heading_style":"h3","paragraph_text":"<p><strong>COMPRIS DANS LA FORMATION&nbsp;AVEC L'OFFRE DE D&Eacute;CONFINEMENT<\/strong><\/p>","paragraph_color":"#4a4a4a","paragraph_size":"1","width":"100%","alignment":"center","align_text":"center"}}},"block_order":["1492806970384-0"],"settings":{"heading_text":"Le N°1 du resell en France","heading_color":"#3a3a3a","background_color":"#f7e387","top_margin":true,"bottom_margin":false}},"product-recommendations":{"type":"product-recommendations","settings":{"show_product_recommendations":false,"heading":"Vous pourriez aimer également","show_spacing":false,"show_vendor":false}},"cart-template":{"type":"cart-template","settings":{"cart_notes_enable":false}},"1589364015472":{"type":"highlight","settings":{"border_color":"#f7e387","content_alignment":"middle","image":"shopify:\/\/shop_images\/Capture_d_ecran_2020-05-13_a_14.53.06.png","image_position":"front","heading":"Aperçu des informations EERESELL VIP","text":"Abonnement offert avec  l'offre de déconfinement, profitez-en jusqu'à la fin du mois","use_second_button":true,"button_text":"Afficher","button_link":"shopify:\/\/pages\/le-sommaire-de-la-formation"}}},"content_for_index":["slideshow","1478026923193","1476381658595","1486649522802","1589364015472","1492806970384","1486649811524","1486649413883","1478027260401"]},"presets":{"Earthy":{"checkout_sidebar_background_color":"#f3f4f3","checkout_heading_font":"Helvetica Neue","checkout_body_font":"Helvetica Neue","checkout_accent_color":"#3c5629","checkout_button_color":"#3c5629","checkout_error_color":"#a95232","sections":{"header":{"type":"header","settings":{}},"slideshow":{"type":"slideshow","blocks":{"slide-0":{"type":"image","settings":{}},"slide-1":{"type":"image","settings":{}}},"block_order":["slide-0","slide-1"],"settings":{"overlay_opacity":30}},"feature-row-0":{"type":"feature-row","settings":{"size":"large","use_second_button":true,"desktop_layout":"left"}},"video":{"type":"video","settings":{"overlay_opacity":25}},"rich-text":{"type":"rich-text","settings":{}},"gallery":{"type":"gallery","blocks":{"gallery-0":{"type":"image","settings":{}},"gallery-1":{"type":"image","settings":{}},"gallery-2":{"type":"image","settings":{}}},"block_order":["gallery-0","gallery-1","gallery-2"],"settings":{"overlay_opacity":"0.2"}},"feature-row-1":{"type":"feature-row","settings":{"background_color":"#f3f4f3","use_second_button":true}},"featured-slider":{"type":"featured-slider","blocks":{"featured-slide-0":{"type":"slide","settings":{"background_color":"#a0ad90"}},"featured-slide-1":{"type":"slide","settings":{"background_color":"#b7c0ac"}},"featured-slide-2":{"type":"slide","settings":{"background_color":"#d3dbca"}}},"block_order":["featured-slide-0","featured-slide-1","featured-slide-2"],"settings":{"cover_title_desktop_position":"center","show_overlay":false,"overlay_opacity":"0.25"}},"featured-product":{"type":"featured-product","settings":{"media_size":"fill"}},"hero":{"type":"hero","settings":{"text_size":"large","show_overlay":true,"overlay_opacity":"0.4"}},"footer":{"type":"footer","blocks":{"footer-0":{"type":"menu","settings":{}}},"block_order":["footer-0"],"settings":{"show_social_icons":true,"show_payment_icons":true,"show_newsletter":true}}},"content_for_index":["slideshow","feature-row-0","video","rich-text","gallery","feature-row-1","featured-slider","featured-product","hero"]},"Warm":{"color_primary":"#eb4f47","color_header_text":"#e1c9b4","color_primary_heading_text":"#4a4a4a","color_primary_body_text":"#4a4a4a","color_footer_text":"#4a4a4a","color_button_text":"#ffffff","color_header_bg":"#fff","color_footer_bg":"#eae7e0","color_main_bg":"#faf9f6","color_secondary_bg":"#f4f1ec","color_product_cards":"#fff","color_form_elements":"#fff","color_cart_flag":"#eb4f47","type_base_size":"62.5%","type_header_font":"monotype_baskerville_n4","type_base_font":"avenir_next_n4","show_cart_drawer":true,"show_cart_note":false,"share_facebook":true,"share_twitter":true,"share_pinterest":true,"social_tumblr_link":"","social_youtube_link":"","social_vimeo_link":"","favicon":"","checkout_header_image":"","checkout_logo_image":"","checkout_logo_position":"left","checkout_logo_size":"medium","checkout_body_background_image":"","checkout_body_background_color":"#fff","checkout_input_background_color_mode":"white","checkout_sidebar_background_image":"","checkout_sidebar_background_color":"#fafafa","checkout_heading_font":"Helvetica Neue","checkout_body_font":"Helvetica Neue","checkout_accent_color":"#1990C6","checkout_button_color":"#1990C6","checkout_error_color":"#ff6d6d","logo_max_height":15,"sections":{"header":{"type":"header","settings":{"icon":"bag","logo_max_height":15,"enable_transparent":true,"transparent_text_color":"#ffffff","primary_navigation":"main-menu","secondary_navigation":"footer","show_social_icons":false,"announcement_color_bg":"#eb4f47"}},"footer":{"type":"footer","blocks":{"1486649858082":{"type":"menu","settings":{"link_list":"footer"}}},"block_order":["1486649858082"],"settings":{"show_social_icons":true,"show_payment_icons":true,"enable_parallax":true,"show_newsletter":true}},"1476381402840":{"type":"video","settings":{}},"1476381658595":{"type":"hero","settings":{"hero_size":"large","image":"","alignment":"top left","text_size":"medium","use_second_button":false,"button_label":"","button_link":"","show_overlay":false,"overlay_color":"#000000","overlay_text":"#3a3a3a","overlay_opacity":"0.5"}},"collection-template":{"type":"collection-template","settings":{"products":"2","rows":"6","product_tags_enable":false,"product_sorting_enable":false,"collection_hero_image":false,"collection_hero_image_parallax":false,"show_spacing":false,"show_vendor":true}},"1478026923193":{"type":"feature-row","settings":{"size":"large","background_color":"#faf9f6","image_crop":"circle","alignment":"top left","use_second_button":false,"button_label":"","button_link":"","desktop_layout":"left","mobile_layout":"top"}},"1478027260401":{"type":"quotes","blocks":{"1478027260401-0":{"type":"quote","settings":{}},"1478027389453":{"type":"quote","settings":{}}},"block_order":["1478027260401-0","1478027389453"],"settings":{"color_bg":"#000000","color_text":"#ffffff","autoplay_speed":"6000"}},"product-template":{"type":"product-template","settings":{"show_quantity_selector":false,"show_variant_labels":true,"show_vendor":false,"show_share_buttons":true,"hide_variant_media":true}},"blog-template":{"type":"blog-template","settings":{"blog_show_date":true}},"slideshow":{"type":"slideshow","blocks":{"1486649146314":{"type":"image","settings":{}},"1486649185448":{"type":"image","settings":{}},"1486649208703":{"type":"image","settings":{}},"1486649267624":{"type":"image","settings":{}}},"block_order":["1486649146314","1486649185448","1486649208703","1486649267624"],"settings":{"show_overlay":true,"overlay_color":"#313131","overlay_text":"#ffffff","overlay_opacity":30}},"1486649413883":{"type":"gallery","blocks":{"1486649413883-0":{"type":"image","settings":{}},"1486649413883-1":{"type":"image","settings":{}}},"block_order":["1486649413883-0","1486649413883-1"],"settings":{"section_height":"medium","show_overlay":true,"overlay_color":"#3b3b3b","overlay_text":"#ffffff","overlay_opacity":"0.4"}},"1486649522802":{"type":"highlight","settings":{"border_color":"#cbc8c1","content_alignment":"middle","image_position":"back","use_second_button":false}},"1486649604878":{"type":"featured-slider","blocks":{"1486649604878-0":{"type":"slide","settings":{"background_color":"#9d988b"}},"1486649604878-1":{"type":"slide","settings":{"background_color":"#cdcdcd"}},"1486649604878-2":{"type":"slide","settings":{"background_color":"#a7a59e"}},"1486649769533":{"type":"slide","settings":{"background_color":"#383a3c"}}},"block_order":["1486649604878-0","1486649604878-1","1486649604878-2","1486649769533"],"settings":{"use_second_button":false,"text_color":"#ffffff","cover_title_desktop_position":"center","show_overlay":true,"overlay_color":"#404040","overlay_text":"#ffffff","overlay_opacity":"0.2"}},"1486649811524":{"type":"featured-product","settings":{"show_quantity_selector":false,"show_variant_labels":true,"show_vendor":false,"show_share_buttons":true,"layout":"square","media_size":"cover","background_color":"transparent"}},"article-template":{"type":"article-template","settings":{"image_parallax":true,"show_date":true,"show_author":false,"show_share_buttons":true}},"1492806970384":{"type":"custom-content","blocks":{"1492806970384-0":{"type":"text","settings":{"heading_text":"","heading_color":"#3a3a3a","heading_style":"h4","width":"100%","alignment":"center","align_text":"center"}}},"block_order":["1492806970384-0"],"settings":{"heading_text":"","heading_color":"#3a3a3a","background_color":"","top_margin":true,"bottom_margin":false}}},"content_for_index":["slideshow","1478026923193","1476381402840","1476381658595","1486649413883","1478027260401","1492806970384","1486649522802","1486649604878","1486649811524"]},"Light":{"color_primary":"#dfa160","color_header_text":"#dfa160","color_primary_heading_text":"#000000","color_primary_body_text":"#4a4a4a","color_footer_text":"#ffffff","color_button_text":"#ffffff","color_header_bg":"#fff","color_footer_bg":"#dfa160","color_main_bg":"#ffffff","color_secondary_bg":"#f7f7f7","color_product_cards":"#ebebeb","color_form_elements":"#f1f1f1","color_cart_flag":"#b76b50","type_base_size":"62.5%","type_header_font":"open_sans_n7","type_base_font":"open_sans_n4","show_cart_drawer":true,"show_cart_note":false,"share_facebook":true,"share_twitter":true,"share_pinterest":true,"social_tumblr_link":"","social_youtube_link":"","social_vimeo_link":"","favicon":"","checkout_header_image":"","checkout_logo_image":"","checkout_logo_position":"left","checkout_logo_size":"medium","checkout_body_background_image":"","checkout_body_background_color":"#fff","checkout_input_background_color_mode":"white","checkout_sidebar_background_image":"","checkout_sidebar_background_color":"#fafafa","checkout_heading_font":"Helvetica Neue","checkout_body_font":"Helvetica Neue","checkout_accent_color":"#1990C6","checkout_button_color":"#1990C6","checkout_error_color":"#ff6d6d","transparent_logo":"","logo_max_height":15,"sections":{"slideshow":{"type":"slideshow","blocks":{"1486583739899":{"type":"video","settings":{}}},"block_order":["1486583739899"],"settings":{"show_overlay":true,"overlay_color":"#ffffff","overlay_text":"#000000","overlay_opacity":50}},"header":{"type":"header","settings":{"icon":"bag","logo_max_height":15,"enable_transparent":true,"transparent_text_color":"#dfa160","primary_navigation":"main-menu","secondary_navigation":"footer","show_social_icons":true,"announcement_color_bg":"#4a4a4a"}},"footer":{"type":"footer","blocks":{"1486586799558":{"type":"menu","settings":{"link_list":"footer"}}},"block_order":["1486586799558"],"settings":{"show_social_icons":true,"show_payment_icons":true,"enable_parallax":true,"show_newsletter":true}},"feature-row":{"type":"feature-row","settings":{"size":"large","background_color":"#fafafa","image_crop":"square","alignment":"center center","use_second_button":false,"button_label":"","button_link":"","desktop_layout":"left","mobile_layout":"top"}},"gallery":{"type":"gallery","blocks":{"1486502632685-0":{"type":"image","settings":{"alignment":"center center","icon":"checkmark","link":""}}},"block_order":["1486502632685-0"],"settings":{"section_height":"medium","show_overlay":true,"overlay_color":"#000000","overlay_text":"#ffffff","overlay_opacity":"0.5"}},"featured-slider":{"type":"featured-slider","blocks":{"1486503036275-0":{"type":"slide","settings":{"background_color":"#ebebeb","show_image":true,"slide_button_text":"","slide_button_url":""}},"1486503036275-2":{"type":"slide","settings":{"background_color":"#ebebeb","show_image":true,"slide_button_text":"","slide_button_url":""}},"1486503036275-1":{"type":"slide","settings":{"background_color":"#ebebeb","show_image":true,"slide_button_text":"","slide_button_url":""}},"1487016418120":{"type":"slide","settings":{"background_color":"#ebebeb","show_image":false,"slide_image":"","slide_title":""}}},"block_order":["1486503036275-0","1486503036275-2","1486503036275-1","1487016418120"],"settings":{"use_second_button":true,"text_color":"#000000","cover_title_desktop_position":"center","show_overlay":true,"overlay_color":"rgba(0,0,0,0)","overlay_text":"#000000","overlay_opacity":"0.5"}},"1486583009346":{"type":"feature-row","settings":{"size":"large","background_color":"#ffffff","image_crop":"none","alignment":"top left","use_second_button":false,"button_label":"About us","desktop_layout":"right","mobile_layout":"bottom"}},"1486584613697":{"type":"hero","settings":{"hero_size":"large","alignment":"center center","text":"","text_size":"medium","use_second_button":false,"button_label":"","button_link":"","show_overlay":true,"overlay_color":"#ffffff","overlay_text":"#3a3a3a","overlay_opacity":"0"}},"1486584983006":{"type":"highlight","settings":{"border_color":"#dfa160","content_alignment":"middle","image_position":"back","use_second_button":false,"button_text":"","button_link":""}},"collection-template":{"type":"collection-template","settings":{"products":"2","rows":"6","product_tags_enable":false,"product_sorting_enable":true,"collection_hero_image":true,"collection_hero_image_parallax":true,"show_spacing":false,"show_vendor":true}},"product-template":{"type":"product-template","settings":{"show_quantity_selector":false,"show_variant_labels":true,"show_vendor":true,"show_share_buttons":true,"hide_variant_media":true}},"blog-template":{"type":"blog-template","settings":{"blog_show_date":true}},"article-template":{"type":"article-template","settings":{"image_parallax":true,"show_date":true,"show_author":false,"show_share_buttons":true}},"1492008725684":{"type":"hero","settings":{"hero_size":"x-large","alignment":"top center","title":"","text":"","text_size":"medium","use_second_button":false,"button_label":"Read our blog","show_overlay":false,"overlay_color":"#000000","overlay_text":"#3a3a3a","overlay_opacity":"0.5"}},"1492807242211":{"type":"custom-content","blocks":{"1492807242211-0":{"type":"text","settings":{"heading_text":"","heading_color":"#3a3a3a","heading_style":"h3","width":"100%","alignment":"center","align_text":"center"}}},"block_order":["1492807242211-0"],"settings":{"heading_text":"","heading_color":"#3a3a3a","background_color":"","top_margin":true,"bottom_margin":false}}},"content_for_index":["slideshow","feature-row","1486584613697","1486583009346","gallery","1492807242211","1486584983006","featured-slider","1492008725684"]},"Cold":{"color_primary":"#00b490","color_header_text":"#00b490","color_primary_heading_text":"#ffffff","color_primary_body_text":"#a9a9a9","color_footer_text":"#000000","color_button_text":"#000000","color_header_bg":"#191c1b","color_footer_bg":"#00b490","color_main_bg":"#000000","color_secondary_bg":"#191c1b","color_product_cards":"#191c1b","color_form_elements":"#292c2b","color_cart_flag":"#ffffff","type_base_size":"62.5%","type_header_font":"titillium_web_n7","type_base_font":"lato_n4","show_cart_drawer":true,"show_cart_note":false,"share_facebook":true,"share_twitter":true,"share_pinterest":true,"social_tumblr_link":"","social_youtube_link":"","social_vimeo_link":"","favicon":"","checkout_header_image":"","checkout_logo_image":"","checkout_logo_position":"left","checkout_logo_size":"medium","checkout_body_background_image":"","checkout_body_background_color":"#fff","checkout_input_background_color_mode":"white","checkout_sidebar_background_image":"","checkout_sidebar_background_color":"#fafafa","checkout_heading_font":"Helvetica Neue","checkout_body_font":"Helvetica Neue","checkout_accent_color":"#1990C6","checkout_button_color":"#1990C6","checkout_error_color":"#ff6d6d","transparent_logo":"","logo_max_height":15,"sections":{"slideshow":{"type":"slideshow","blocks":{"1486663529263":{"type":"video","settings":{}}},"block_order":["1486663529263"],"settings":{"show_overlay":true,"overlay_color":"#000000","overlay_text":"#ffffff","overlay_opacity":60}},"header":{"type":"header","settings":{"icon":"cart","logo_max_height":15,"enable_transparent":true,"transparent_text_color":"#00b490","primary_navigation":"main-menu","secondary_navigation":"footer","show_social_icons":true,"announcement_color_bg":"#00b490"}},"footer":{"type":"footer","blocks":{"1486664283354":{"type":"menu","settings":{"link_list":"footer"}}},"block_order":["1486664283354"],"settings":{"show_social_icons":true,"show_payment_icons":true,"enable_parallax":true,"show_newsletter":true,"newsletter_heading":"Sign up for updates"}},"feature-row":{"type":"feature-row","settings":{"size":"large","background_color":"#191c1b","image_crop":"circle","alignment":"center center","use_second_button":false,"desktop_layout":"left","mobile_layout":"top"}},"gallery":{"type":"gallery","blocks":{"1486502632685-0":{"type":"image","settings":{"icon":"checkmark"}},"1486502639654":{"type":"image","settings":{"icon":"checkmark"}},"1486502643820":{"type":"image","settings":{"icon":"checkmark"}}},"block_order":["1486502632685-0","1486502639654","1486502643820"],"settings":{"section_height":"medium","show_overlay":true,"overlay_color":"#000000","overlay_text":"#ffffff","overlay_opacity":"0.5"}},"featured-slider":{"type":"featured-slider","blocks":{"1486503036275-0":{"type":"slide","settings":{"background_color":"#464f4e","show_image":true,"slide_button_text":"View"}},"1486503036275-1":{"type":"slide","settings":{"background_color":"#464f4e","show_image":true,"slide_button_text":"View"}}},"block_order":["1486503036275-0","1486503036275-1"],"settings":{"use_second_button":true,"text_color":"#ffffff","cover_title_desktop_position":"center","show_overlay":true,"overlay_color":"#000000","overlay_text":"#ffffff","overlay_opacity":"0.5"}},"featured-collection":{"type":"featured-collection","settings":{"show_view_all":true}},"1486664864970":{"type":"hero","settings":{"hero_size":"large","alignment":"top center","use_second_button":false,"button_label":"","button_link":"","show_overlay":true,"overlay_color":"#00b490","overlay_text":"#ffffff","overlay_opacity":"0"}},"1486665151632":{"type":"highlight","settings":{"border_color":"#00b490","content_alignment":"middle","image_position":"back","use_second_button":true}},"1486665428106":{"type":"feature-row","settings":{"size":"large","background_color":"","image_crop":"none","alignment":"top left","use_second_button":false,"button_label":"","button_link":"","desktop_layout":"right","mobile_layout":"bottom"}},"1486665657092":{"type":"gallery","blocks":{"1486665657092-0":{"type":"image","settings":{"alignment":"center center","icon":"none","cta_label":"","link":""}},"1486665657092-1":{"type":"image","settings":{"alignment":"center center","icon":"none","cta_label":"","link":""}}},"block_order":["1486665657092-0","1486665657092-1"],"settings":{"section_height":"medium","show_overlay":false,"overlay_color":"#000000","overlay_text":"#ffffff","overlay_opacity":"0.3"}},"1486665735205":{"type":"hero","settings":{"hero_size":"medium","alignment":"center center","title":"","text_size":"large","use_second_button":true,"button_label":"about us","show_overlay":true,"overlay_color":"#000000","overlay_text":"#ffffff","overlay_opacity":"0.5"}},"product-template":{"type":"product-template","settings":{"show_quantity_selector":false,"show_variant_labels":true,"show_vendor":true,"show_share_buttons":true,"hide_variant_media":true}},"collection-template":{"type":"collection-template","settings":{"products":"2","rows":"4","product_tags_enable":false,"product_sorting_enable":false,"collection_hero_image":false,"collection_hero_image_parallax":false,"show_spacing":false,"show_vendor":true}},"blog-template":{"type":"blog-template","settings":{"blog_show_date":true}},"article-template":{"type":"article-template","settings":{"image_parallax":false,"show_date":true,"show_author":false,"show_share_buttons":true}},"1492804742195":{"type":"custom-content","blocks":{"1492804742195-0":{"type":"text","settings":{"heading_text":"","heading_color":"#3a3a3a","heading_style":"h3","width":"100%","alignment":"center","align_text":"center"}}},"block_order":["1492804742195-0"],"settings":{"heading_text":"","heading_color":"#3a3a3a","background_color":"#00b490","top_margin":true,"bottom_margin":true}},"1492805123317":{"type":"custom-content","blocks":{"1492805123317-0":{"type":"text","settings":{"heading_text":"","heading_color":"#ffffff","heading_style":"h3","width":"100%","alignment":"center","align_text":"center"}}},"block_order":["1492805123317-0"],"settings":{"heading_text":"","heading_color":"#3a3a3a","background_color":"","top_margin":true,"bottom_margin":false}}},"content_for_index":["slideshow","feature-row","1492804742195","1486664864970","gallery","1492805123317","1486665151632","1486665428106","1486665657092","1486665735205","featured-slider","featured-collection"]}}}